Rank,School,Babcock,PubPriv,Tuition,Enrollment,Acceptance,Retention,Graduation,Type152,Adelphi University,Class 2,Private,30800,7859,66.5,81,66,University89,Agnes Scott College,Class 2,Private,34788,885,62,83,64,College100,Albion College,Class 2,Private,35866,1382,70.2,80,72,College176,Albright College,Class 3,Private,36660,2264,46.7,74,53,College82,Allegheny College,Class 2,Private,39100,2140,63.3,87,78,College126,Alma College,Class 2,Private,32785,1464,71.9,80,66,College167,American Jewish University,None,Private,28496,NA,94.9,90,42,College75,American University,None,Private,40649,12904,44.2,90,77,University2,Amherst College,Class 1,Private,46574,1817,13,98,95,College181,Andrews University Berrien,None,Private,25470,3551,37.5,79,59,University142,Arizona State University,None,Public,10002,73378,87.9,82,57,University91,Auburn University,None,Public,9852,25134,77.2,88,68,University100,Augustana College,Class 2,Private,35835,2551,68.8,85,78,College82,Austin College,None,Private,33830,1260,59.1,83,77,College173,Azusa Pacific University,None,Private,32256,10184,52.3,85,63,University181,Ball State,None,Public,9250,21053,61.2,79,57,University38,Bard College,None,Private,46370,2322,35.2,88,79,College32,Barnard College,Class 1,Private,44790,2504,22.6,95,90,College22,Bates College,Class 2,Private,45650,1753,26.6,94,88,College75,Baylor University,Class 2,Private,35972,15364,60.7,85,75,University59,Beloit College,Class 1,Private,41250,1359,67.1,89,78,College100,Bennington College,None,Private,45680,826,63,86,64,College76,Berea College,Class 3,Private,1070,1658,31.8,81,66,College126,Berry College,None,Private,29090,2166,66.1,77,62,College97,Binghamton University at SUNY,None,Public,8144,15308,42.9,91,79,University177,Biola University,None,Private,32142,6302,74.7,85,65,University115,Birmingham-Southern College,None,Private,30690,1231,80.6,81,65,College31,Boston College,Class 2,Private,45622,13783,28.8,95,92,University41,Boston University,Class 2,Private,44910,32603,45.6,91,84,University4,Bowdoin College,Class 1,Private,45446,1839,15.8,96,95,College181,Bowling Green State University Bowling,None,Public,10721,17286,73.6,74,58,University32,Brandeis University,None,Private,46106,5808,39.1,94,90,University62,Brigham Young University at Provo,None,Private,4850,34409,54.9,86,77,University14,Brown University,Class 1,Private,45612,8885,9.6,98,95,University30,Bryn Mawr College,Class 1,Private,43900,1774,41.4,92,82,College32,Bucknell University,Class 2,Private,46902,3618,27,94,90,College10,California Institute of Technology,None,Private,41538,2243,11.8,98,92,University100,Calvin College,None,Private,28250,4008,75.6,87,77,College7,Carleton College,Class 2,Private,46167,2055,25.6,97,94,College23,Carnegie Mellon University,None,Private,46962,12569,27.8,96,87,University167,Carthage College,Class 3,Private,34850,3047,70.1,75,60,College37,Case Western Reserve University,Class 1,Private,41800,10026,54.3,92,78,University167,Centenary College of Louisiana,None,Private,30740,776,64.1,NA,56,College134,Central College,None,Private,30700,1486,65.4,80,69,College190,Central Michigan University Mount,None,Public,11220,27626,63.8,77,58,University49,Centre College,None,Private,36000,1344,69.6,91,87,College9,Claremont McKenna College,None,Private,45625,1295,13.6,95,92,College75,Clark University,None,Private,39550,3503,70.1,89,80,University121,Clarkson University,None,Private,40610,3604,76.1,87,71,University62,Clemson University,Class 4,Public,13382,20768,57.9,90,82,University120,Coe College,Class 2,Private,35730,1367,66.7,80,70,College22,Colby College,Class 2,Private,45760,1863,29,95,90,College20,Colgate University,Class 1,Private,46380,2886,29.4,95,90,College167,College of Idaho,None,Private,23725,1059,64.9,81,64,College94,College of St. Benedict,None,Private,37926,2070,76.7,89,81,College93,College of the Atlantic,None,Private,38952,340,70.6,85,64,College25,College of the Holy Cross,Class 2,Private,44272,2926,33.5,95,93,College32,College of William and Mary,None,Public,15464,8258,32.2,95,90,University65,College of Wooster,None,Private,41680,2080,58.1,89,76,College31,Colorado College,Class 2,Private,44222,2026,23,95,90,College91,Colorado School of Mines,Class 2,Public,16485,5632,37.4,89,66,University121,Colorado State University,None,Public,9313,30647,74.7,84,63,University4,Columbia University,Class 1,Private,49138,23168,7.4,99,97,University138,Concordia College-Moorhead,None,Private,32814,2631,77.7,83,68,College45,Connecticut College,None,Private,46085,1933,35.9,90,85,College97,Cornell College,Class 2,Private,36430,1180,52.9,81,71,College16,Cornell University,Class 1,Private,45359,21424,16.6,96,93,University10,Dartmouth College,Class 1,Private,46752,6277,9.8,98,96,University9,Davidson College,Class 2,Private,42849,1790,24.8,97,93,College50,Denison University,Class 2,Private,43910,2336,49.5,90,86,College121,DePaul University,None,Private,33990,24966,62.3,86,68,University54,DePauw University,Class 2,Private,40640,2336,61.5,90,78,College45,Dickinson College,Class 2,Private,46094,2386,40.2,91,85,College156,Doane College,Class 2,Private,26180,1149,76.5,76,64,College107,Drew University,None,Private,43918,2447,85.1,80,69,College97,Drexel University,None,Private,37505,18067,74.9,84,65,University7,Duke University,None,Private,45476,15386,13.4,97,95,University121,Duquesne University,None,Private,31385,9956,74.7,87,74,University65,Earlham College,Class 2,Private,41450,1211,74.9,83,71,College181,East Carolina University,None,Public,5869,26947,62.2,80,58,University180,Eastern Mennonite University,None,Private,27970,1519,70.2,78,59,College141,Eckerd College,None,Private,37362,1893,71,80,60,College190,Edgewood College,None,Private,24666,3064,73.2,78,53,University173,Emory and Henry College,Class 3,Private,28966,945,72.3,73,46,College20,Emory University,None,Private,44008,14236,26.3,95,90,University146,Fisk University,Class 3,Private,20391,NA,100,73,54,College167,Florida Institute of Technology,None,Private,36020,5384,59.1,77,55,University91,Florida State University,None,Public,6537,40695,53.7,92,75,University57,Fordham University,None,Private,43577,15170,42.9,89,81,University45,Franklin and Marshall College,Class 2,Private,46285,2365,39.3,93,83,College52,Furman University,None,Private,43164,2915,77.5,90,83,College141,George Mason University,None,Public,9908,32961,65.8,86,66,University52,George Washington University,Class 2,Private,47343,25653,33.1,93,80,University146,Georgetown College,Class 2,Private,32310,1543,82.2,76,60,College20,Georgetown University,Class 2,Private,44805,17357,17,96,93,University36,Georgia Institute of Technology,None,Public,10650,21557,54.9,94,79,University50,Gettysburg College,None,Private,45870,2597,40.3,91,84,College138,Gordon College,None,Private,33230,1909,40.3,84,74,College141,Goshen College,None,Private,28500,928,60,81,70,College110,Goucher College,Class 1,Private,39084,2254,71.7,81,66,College17,Grinnell College,Class 1,Private,43656,1674,36.3,94,90,College141,Grove City College,None,Private,14880,2506,84.2,91,82,College173,Guilford College,Class 3,Private,32470,2462,80,76,57,College76,Gustavus Adolphus College,Class 2,Private,39060,2524,63.4,92,83,College14,Hamilton College,Class 1,Private,46080,1884,27.2,95,91,College97,Hampden-Sydney College,Class 3,Private,37352,1080,55.6,79,68,College110,Hampshire College,None,Private,46625,1461,63.7,83,64,College115,Hanover College,Class 2,Private,31760,1123,63.9,81,65,College161,Hartwick College,None,Private,38930,1558,84.7,75,58,College2,Harvard University,Class 1,Private,42292,19726,6.1,98,97,University16,Harvey Mudd College,None,Private,46509,783,19.2,98,88,College9,Haverford College,Class 1,Private,45426,1205,22.9,96,93,College82,Hendrix College,Class 3,Private,37816,1388,83,85,72,College82,Hillsdale College,Class 2,Private,22890,1447,49,96,77,College156,Hiram College,Class 3,Private,30290,1324,61.9,76,63,College61,Hobart and William Smith Colleges,Class 2,Private,46165,2300,53.1,88,76,College135,Hofstra University,None,Private,37400,11023,58.7,78,61,University110,Hollins University,None,Private,33320,794,66,72,56,College100,Hope College,Class 2,Private,28720,3343,85.1,89,77,College141,Houghton College,None,Private,27728,1165,73.4,86,67,College142,Howard University,Class 4,Private,22683,NA,53.9,82,65,University156,Illinois College,Class 2,Private,27800,987,58.1,81,62,College109,Illinois Institute of Technology,None,Private,39842,7683,55,93,68,University152,Illinois State University,None,Public,12573,20706,74,84,71,University65,Illinois Wesleyan University,Class 3,Private,39316,2013,59.5,91,82,College190,Immaculata University,None,Private,30740,4117,79.6,80,53,University75,Indiana University at Bloomington,Class 1,Public,10209,42133,74.4,89,75,University177,Indiana University of Pennsylvania,None,Public,9080,15379,61,75,50,University101,Iowa State University,Class 2,Public,7726,30748,82.5,86,71,University12,Johns Hopkins University,Class 1,Private,45470,21001,17.7,97,94,University100,Juniata College,None,Private,37170,1565,66.4,86,75,College61,Kalamazoo College,Class 2,Private,37810,1379,69,91,80,College135,Kansas State University,None,Public,8585,24378,99,81,58,University201,Kent State University,None,Public,9816,28172,83,77,52,University32,Kenyon College,Class 2,Private,45640,1667,36,93,90,College82,Knox College,Class 1,Private,38952,1430,77.6,89,79,College36,Lafayette College,Class 1,Private,43970,2488,34.5,95,91,College110,Lake Forest College,Class 1,Private,38300,1570,56.9,84,70,College59,Lawrence University,Class 2,Private,41226,1525,76.2,89,73,College41,Lehigh University,Class 1,Private,43520,7080,32.6,94,88,University74,Lewis & Clark College,None,Private,41928,3703,64,86,76,College123,Linfield College,None,Private,36240,1663,82.8,83,67,College135,Louisiana State University at Baton Rouge Baton,None,Public,7873,30225,76.2,84,67,University190,Louisiana Tech University,None,Public,7146,11304,70.8,76,47,University101,Loyola University Chicago,None,Private,35503,15720,81.2,86,70,University94,Luther College,Class 2,Private,37450,2473,70.2,88,77,College161,Lycoming College,None,Private,33756,1365,71.6,81,65,College167,Lyon College,None,Private,23594,600,68.6,65,49,College24,Macalester College,Class 2,Private,45388,2070,36.7,95,90,College75,Marquette University,Class 3,Private,34640,11749,55.2,89,80,University176,Maryville College,None,Private,31132,1093,65.7,73,53,College161,Maryville University of St. Louis St,None,Private,25002,4203,71.3,84,70,University176,Massachusetts College of Liberal Arts,None,Public,8525,1799,67.2,74,47,College7,Massachusetts Institute of Technology,Class 1,Private,43498,11189,9,97,93,University126,McDaniel College,None,Private,36960,3284,64.1,82,74,College75,Miami University at Oxford,Class 2,Public,13799,17683,72.8,89,80,University73,Michigan State University,None,Public,12863,48906,70.6,91,79,University117,Michigan Technological University,None,Public,13728,6947,76.6,83,66,University4,Middlebury College,Class 2,Private,45314,2516,17.2,96,94,College82,Millsaps College,Class 3,Private,32520,915,54.8,81,72,College142,Mississippi State University,None,Public,6722,20365,69.3,82,60,University128,Missouri University of Science & Technology,None,Public,9510,7647,89.6,85,65,University165,Monmouth College,Class 2,Private,31500,1247,61.5,75,58,College201,Montana State University,None,Public,6821,14660,57.6,74,49,University138,Moravian College,None,Private,35518,1909,78.5,78,74,College126,Morehouse College,None,Private,25460,2377,66.4,83,56,College38,Mount Holyoke College,Class 1,Private,41456,2344,42.1,91,81,College65,Muhlenberg College,Class 2,Private,42755,2422,45.7,92,87,College146,Nebraska Wesleyan University,Class 3,Private,27240,2071,79,80,65,College89,New College of Florida,None,Public,6783,832,59.6,84,69,College150,New Jersey Institute of Technology,None,Public,15140,9944,63.7,82,54,University190,New Mexico State University Las Cruces,None,Public,6220,17651,80.1,72,44,University135,New School,None,Private,40928,10575,65,81,65,University32,New York University,Class 2,Private,44848,44516,35,92,85,University101,North Carolina State University at Raleigh,None,Public,8206,34340,49.6,91,71,University190,North Dakota State University,None,Public,7233,14443,83.6,78,53,University49,Northeastern University,None,Private,41686,20447,31.9,94,79,University177,Northern Illinois University,None,Public,12952,21869,51.8,72,54,University180,Northland College,None,Private,29990,600,66.3,71,54,College12,Northwestern University,Class 1,Private,45527,20439,15.3,97,93,University25,Oberlin College,Class 1,Private,46870,2944,31.3,94,85,College41,Occidental College,Class 2,Private,46270,2178,39.4,92,84,College165,Oglethorpe University,None,Private,31280,1079,82.7,77,55,College52,Ohio State University,Class 1,Public,10037,56387,64,93,82,University135,Ohio University,Class 2,Public,10380,27402,77.7,81,64,University100,Ohio Wesleyan University,None,Private,40510,1821,73.6,83,68,College142,Oklahoma State University,None,Public,7441,25544,77.6,79,62,University142,Oregon State University,None,Public,8538,26393,78.8,83,60,University173,Ouachita Baptist University,None,Private,22340,1532,69.1,78,59,College173,Pace University,None,Private,38069,12772,76.8,78,58,University37,Pennsylvania State University,Class 2,Public,16992,45783,54.2,92,86,University57,Pepperdine University,None,Private,44902,7319,38.5,91,81,University35,Pitzer College,None,Private,43402,1084,15.7,92,87,College128,Polytechnic Institute of New York University,None,Private,41328,4652,62.1,86,62,University4,Pomona College,Class 2,Private,43580,1607,13,98,96,College126,Presbyterian College,None,Private,33650,1403,57.8,83,68,College1,Princeton University,Class 1,Private,40170,8010,7.9,98,96,University107,Principia College,None,Private,25980,489,86.7,84,76,College156,Purchase College-SUNY,None,Public,7573,4267,33.4,82,63,College68,Purdue University,Class 1,Public,9992,39256,61.3,89,70,University134,Randolph College,None,Private,33260,645,83.2,76,57,College134,Randolph-Macon College,Class 2,Private,34850,1312,54,78,56,College74,Reed College,None,Private,44460,NA,39.9,90,79,College41,Rensselaer Polytechnic Institute,Class 1,Private,46269,6999,43.6,92,84,University54,Rhodes College,None,Private,39794,1927,54.6,90,81,College18,Rice University,None,Private,38941,6484,16.7,96,92,University120,Ripon College,None,Private,31602,931,77.5,84,72,College126,Roanoke College,Class 2,Private,36222,2060,69.4,79,65,College142,Rutgers,None,Public,12998,12011,57.5,86,61,University69,Rutgers New Jersey at New Brunswick,Class 2,Public,13499,40434,60.9,92,79,University156,Salem College,None,Private,24566,1165,73.2,79,62,College152,San Diego State University,None,Public,6578,31597,31.3,86,67,University25,Scripps College,None,Private,45564,962,32.4,92,90,College128,Seton Hall University,None,Private,35820,9830,84.4,82,67,University38,Sewanee-University of the South,Class 2,Private,35756,1557,58.8,88,78,College126,Siena College,None,Private,31368,3267,57.5,88,73,College154,Simpson College,None,Private,30999,1897,88.7,81,67,College45,Skidmore College,None,Private,45724,2689,41.9,94,88,College20,Smith College,Class 1,Private,43114,3212,42.4,92,85,College41,Soka University of America,None,Private,29092,438,45.8,95,92,College201,South Dakota State University,Class 3,Public,7708,12583,91.7,76,56,University177,Southern Illinois University at Carbondale,None,Public,12104,18847,51.4,66,50,University60,Southern Methodist University,None,Private,43800,10893,53.8,89,79,University65,Southwestern University,Class 2,Private,35240,1394,60.5,86,75,College65,Spelman College,None,Private,24634,2145,38,88,73,College120,St. Anselm College,None,Private,35204,1954,74.7,86,74,College142,St. John Fisher College,None,Private,28430,4008,64.2,83,75,University123,St. John's College,Class 2,Private,45004,NA,78.1,90,67,College76,St. John's University,None,Private,37167,1983,74.8,91,77,College152,St. John's University,None,Private,37260,21087,53.2,78,59,University56,St. Lawrence University,Class 2,Private,46040,2488,48.2,92,80,College101,St. Louis University St.,None,Private,36726,13981,63.7,86,70,University76,St. Mary's College,None,Private,34600,1469,84.8,87,78,College89,St. Mary's College of Maryland,None,Public,14865,1933,72,88,81,College173,St. Mary's University of Minnesota,None,Private,29315,5574,79,76,62,University89,St. Michael's College,None,Private,39015,2410,78,89,82,College134,St. Norbert College,None,Private,31866,2287,80.4,83,75,College52,St. Olaf College,Class 2,Private,40700,3176,60.4,93,86,College146,St. Vincent College,None,Private,30351,1766,65.8,83,73,College5,Stanford University,Class 1,Private,43245,18217,6.6,98,95,University82,Stevens Institute of Technology,Class 1,Private,43561,5649,42.7,92,78,University115,Stonehill College,None,Private,36160,2602,79.9,89,80,College82,Stony Brook University at SUNY,None,Public,7984,24149,40.1,90,70,University86,SUNY College of Environmental Science and Forestry,None,Public,6995,2401,50.7,85,67,University115,Susquehanna University,Class 3,Private,38780,2215,75.5,85,74,College3,Swarthmore College,Class 2,Private,44718,1552,14.2,97,92,College110,Sweet Briar College,None,Private,33605,739,79.3,77,62,College62,Syracuse University,Class 2,Private,40458,21029,51.3,92,82,University121,Temple University,Class 2,Public,14340,36744,67.2,88,66,University69,Texas A&M University at College Station,Class 4,Public,8506,50227,67.1,92,80,University82,Texas Christian University,Class 3,Private,36590,9727,40.9,87,75,University161,Texas Tech University,None,Public,8942,32467,64.3,82,62,University121,The Catholic University of America,Class 1,Private,38526,6838,63.2,81,67,University61,Thomas Aquinas College,None,Private,24500,370,80.6,85,76,College76,Transylvania University,None,Private,31560,1074,84.9,86,74,College36,Trinity College,Class 2,Private,47510,2387,33.7,91,83,College28,Tufts University,Class 1,Private,46598,10837,21.4,96,92,University52,Tulane University,Class 2,Private,46930,13486,27.3,90,75,University41,Union College,Class 3,Private,46785,2241,38.2,93,83,College25,United States Air Force Academy,None,Private,0,4120,9.9,90,80,College17,United States Military Academy,None,Private,0,4592,9,94,83,College12,United States Naval Academy,None,Private,0,4536,6.8,97,87,College128,University at Albany at SUNY,None,Public,8140,17316,55.5,85,64,University109,University at Buffalo at SUNY,None,Public,7989,28952,56.9,88,70,University86,University of Alabama,Class 2,Public,9200,33503,53.1,85,67,University152,University of Alabama at Birmingham,None,Public,8904,17999,73.4,80,48,University181,University of Alabama at Huntsville,None,Public,9192,7636,77.7,77,47,University119,University of Arizona,Class 2,Public,10391,40223,76.9,78,61,University128,University of Arkansas,None,Public,7818,24537,63.5,83,60,University20,University of California at Berkeley,Class 1,Public,12864,35899,18,97,91,University39,University of California at Davis,None,Public,13896,32354,45.7,92,85,University49,University of California at Irvine,None,Public,14688,27479,42.4,94,86,University23,University of California at Los Angeles,None,Public,12696,41341,22,97,92,University112,University of California at Riverside,None,Public,12960,21005,62.7,87,70,University39,University of California at San Diego,None,Public,13234,28294,37.8,95,86,University41,University of California at Santa Barbara,None,Public,13746,21927,44,91,86,University86,University of California at Santa Cruz,None,Public,13416,17404,60.9,90,77,University170,University of Central Florida,None,Public,6317,59767,46.2,87,65,University5,University of Chicago,Class 1,Private,46386,12508,13.2,99,92,University135,University of Cincinnati,Class 2,Public,10784,31798,67.1,85,62,University86,University of Colorado at Boulder,Class 1,Public,10240,31725,83.6,84,68,University190,University of Colorado at Denver,None,Public,7494,22396,75.9,73,45,University57,University of Connecticut,None,Public,12022,25483,44.7,93,82,University112,University of Dayton,None,Private,35800,11159,55.2,87,78,University75,University of Delaware,None,Public,12112,21081,56.6,92,80,University91,University of Denver,Class 2,Private,40707,11656,67.6,87,76,University49,University of Florida,Class 3,Public,6263,49913,44.1,96,85,University60,University of Georgia,Class 2,Public,10262,34519,56.1,94,82,University158,University of Hawaii at Manoa,None,Public,9904,20426,81.2,79,56,University190,University of Houston,None,Public,10272,40747,56.2,81,46,University161,University of Idaho,Class 2,Public,6524,12420,65.7,79,56,University128,University of Illinois at Chicago,None,Public,13406,27875,63.9,80,58,University41,University of Illinois at Urbana-Champaign,Class 1,Public,15258,44520,63.3,94,84,University73,University of Iowa,Class 1,Public,8061,30119,78.4,85,70,University101,University of Kansas,Class 1,Public,10107,27135,92.3,79,64,University119,University of Kentucky,Class 2,Public,10110,28034,67.3,81,58,University161,University of La Verne,None,Private,35000,4973,39,83,59,University161,University of Louisville,None,Public,9750,21242,76.3,78,52,University167,University of Maine,Class 2,Public,10594,10901,81.1,78,59,University158,University of Maryland at Baltimore County,None,Public,10068,13637,60.4,85,61,University62,University of Maryland at College Park,None,Public,9162,37197,46.8,94,82,University91,University of Massachusetts at Amherst,None,Public,13258,28236,62.6,88,70,University158,University of Massachusetts at LowellLowell,None,Public,12097,16294,65.8,80,54,University47,University of Miami,None,Private,42852,16172,39.7,91,81,University28,University of Michigan at Ann Arbor,Class 1,Public,13819,43426,36.6,96,91,University69,University of Minnesota at Twin Cities,Class 1,Public,13555,51853,49.5,90,73,University154,University of Minnesota-Morris,None,Private,12584,1896,60,82,60,College150,University of Mississippi,None,Public,6760,18794,61.1,82,58,University97,University of Missouri,Class 1,Public,9415,34748,81.5,85,71,University201,University of Missouri at Kansas City,None,Public,9456,16019,67.6,73,48,University201,University of Montana,Class 2,Public,6276,12479,95.4,73,48,University101,University of Nebraska at Lincoln,Class 1,Public,8068,24207,64.4,84,65,University181,University of Nevada at Reno,Class 2,Public,6154,18227,83,79,54,University97,University of New Hampshire,Class 2,Public,16496,15301,77.9,87,77,University181,University of New Mexico,None,Public,7274,29033,64.6,77,46,University146,University of North Carolina Asheville,None,Public,6241,3751,63.8,81,55,College30,University of North Carolina at Chapel Hill,Class 2,Public,8340,29278,27.6,97,89,University201,University of North Carolina at Charlotte,None,Public,6105,26232,68.5,78,53,University190,University of North Carolina at Greensboro,None,Public,6388,18172,60,77,54,University173,University of North Dakota,Class 2,Public,7254,15250,73.7,77,54,University18,University of Notre Dame,Class 2,Private,44605,12126,23.3,98,95,University101,University of Oklahoma,Class 2,Public,7341,31086,79.1,84,66,University109,University of Oregon,Class 2,Public,9763,24518,74.2,85,68,University7,University of Pennsylvania,Class 1,Private,45890,21339,12.6,98,96,University62,University of Pittsburgh,Class 2,Public,17100,28769,56.1,92,79,University76,University of Puget Sound,None,Private,41868,2857,82.7,87,77,College152,University of Rhode Island,None,Public,12450,16451,76.9,81,63,University25,University of Richmond,Class 2,Private,45320,3626,30.3,93,83,College32,University of Rochester,Class 2,Private,45372,10510,35.3,96,85,University91,University of San Diego,None,Private,41392,8105,42.6,88,76,University117,University of San Francisco,None,Private,40294,10017,69.2,85,67,University112,University of South Carolina,None,Public,10816,31288,60.6,87,72,University190,University of South Dakota,Class 3,Public,8022,10284,88.6,75,51,University170,University of South Florida,None,Public,6410,40111,43.2,88,57,University23,University of Southern California,Class 2,Private,46298,39958,19.9,97,90,University112,University of St. Thomas,None,Private,34013,10316,86.7,88,74,University101,University of Tennessee,Class 2,Public,9684,29833,67.3,85,66,University52,University of Texas at Austin,Class 1,Public,9790,52186,46.8,92,79,University142,University of Texas at Dallas,None,Public,11806,19727,52,84,64,University112,University of the Pacific,Class 3,Private,39810,6652,37.8,85,63,University86,University of Tulsa,None,Private,33702,4326,40.7,87,66,University121,University of Utah,Class 2,Public,7534,32388,82.6,86,59,University82,University of Vermont,Class 1,Public,15718,13097,76.7,86,76,University23,University of Virginia,Class 1,Public,12458,23907,29.6,97,93,University52,University of Washington,Class 1,Public,12383,42568,59.2,93,80,University41,University of Wisconsin at Madison,Class 1,Public,10403,42820,54.6,95,83,University161,University of Wyoming,Class 2,Public,4404,12903,95.7,74,54,University82,Ursinus College,Class 2,Private,44530,1680,69.8,90,74,College190,Utah State University,None,Public,6183,28786,96.7,72,50,University17,Vanderbilt University,None,Private,42978,12710,14.2,96,92,University13,Vassar College,Class 1,Private,47890,2406,22.8,97,91,College167,Virginia Commonwealth University,None,Public,12002,31752,60.2,85,57,University65,Virginia Military Institute,None,Public,14404,1664,46.3,84,71,College69,Virginia Tech,None,Public,10930,31087,70.4,92,83,University176,Virginia Wesleyan College,None,Private,32182,1431,85.8,66,48,College57,Wabash College,None,Private,35650,906,67,86,73,College23,Wake Forest University,Class 2,Private,44742,7432,34,94,87,University167,Warren Wilson College,None,Private,29540,924,72,68,57,College146,Wartburg College,Class 4,Private,34250,1747,70.4,80,65,College97,Washington and Jefferson College,Class 2,Private,39710,1429,40.8,85,74,College14,Washington and Lee University,Class 2,Private,44507,2302,19.5,94,90,College107,Washington College,None,Private,41120,1557,66.4,84,69,College128,Washington State University,None,Public,12545,27679,76,83,67,University14,Washington University in St. Louis St.,Class 1,Private,44841,13952,17.9,97,94,University7,Wellesley College,Class 1,Private,43554,2481,30.1,96,92,College141,Wells College,None,Private,35900,NA,62.7,71,59,College161,Wesleyan College,None,Private,19750,709,50.2,81,48,College17,Wesleyan University,Class 1,Private,46944,3262,20.9,96,91,College170,West Virginia University,None,Public,6456,29707,85.1,79,56,University181,Western Michigan University,None,Public,10355,24598,83.3,74,56,University115,Westminster College,None,Private,32445,1518,56.3,86,78,College146,Westminster College,None,Private,21680,1084,71.9,81,70,College94,Westmont College,None,Private,38510,1355,66,87,78,College57,Wheaton College,Class 3,Private,30880,3034,68.7,96,90,College65,Wheaton College,None,Private,45074,1616,64.3,87,82,College41,Whitman College,Class 2,Private,43500,1539,48.6,94,87,College126,Whittier College,None,Private,40096,2448,63.6,82,67,College181,Widener University,None,Private,38028,6238,65.5,72,55,University61,Willamette University,None,Private,42305,2933,60.4,88,77,College146,William Jewell College,None,Private,31000,1052,60.9,76,69,College1,Williams College,Class 1,Private,46600,2106,17,97,96,College123,Wittenberg University,Class 3,Private,38030,1894,91.2,78,65,College65,Wofford College,Class 2,Private,35515,1588,62.7,89,84,College62,Worcester Polytechnic Institute,Class 2,Private,42778,5957,52.6,95,84,University161,Xavier University of Louisiana,None,Private,20560,3178,63.5,67,47,College3,Yale University,Class 1,Private,44000,11906,7.1,99,96,University47,Yeshiva University,None,Private,37600,6753,84,91,89,University