Rank,School,Tuition,Enrollment,Acceptance,Retention,Graduation1,Williams College,46600,2106,17.00,97,962,Amherst College,46574,1817,13.00,98,953,Swarthmore College,44718,1552,14.20,97,924,Bowdoin College,45446,1839,15.80,96,954,Middlebury College,45314,2516,17.20,96,944,Pomona College,43580,1607,13.00,98,967,Carleton College,46167,2055,25.60,97,947,Wellesley College,43554,2481,30.10,96,929,Claremont McKenna College,45625,1295,13.60,95,929,Davidson College,42849,1790,24.80,97,939,Haverford College,45426,1205,22.90,96,9312,United States Naval Academy,0,4536,6.80,97,8713,Vassar College,47890,2406,22.80,97,9114,Hamilton College,46080,1884,27.20,95,9114,Washington and Lee University,44507,2302,19.50,94,9016,Harvey Mudd College,46509,783,19.20,98,8817,Grinnell College,43656,1674,36.30,94,9017,United States Military Academy,0,4592,9.00,94,8317,Wesleyan University,46944,3262,20.90,96,9120,Colgate University,46380,2886,29.40,95,9020,Smith College,43114,3212,42.40,92,8522,Bates College,45650,1753,26.60,94,8822,Colby College,45760,1863,29.00,95,9024,Macalester College,45388,2070,36.70,95,9025,College of the Holy Cross,44272,2926,33.50,95,9325,Oberlin College,46870,2944,31.30,94,8525,Scripps College,45564,962,32.40,92,9025,United States Air Force Academy,0,4120,9.90,90,8025,University of Richmond,45320,3626,30.30,93,8330,Bryn Mawr College,43900,1774,41.40,92,8231,Colorado College,44222,2026,23.00,95,9032,Barnard College,44790,2504,22.60,95,9032,Bucknell University,46902,3618,27.00,94,9032,Kenyon College,45640,1667,36.00,93,9035,Pitzer College,43402,1084,15.70,92,8736,Lafayette College,43970,2488,34.50,95,9136,Trinity College,47510,2387,33.70,91,8338,Bard College,46370,2322,35.20,88,7938,Mount Holyoke College,41456,2344,42.10,91,8138,Sewanee-University of the South,35756,1557,58.80,88,7841,Occidental College,46270,2178,39.40,92,8441,Soka University of America,29092,438,45.80,95,9241,Union College,46785,2241,38.20,93,8341,Whitman College,43500,1539,48.60,94,8745,Connecticut College,46085,1933,35.90,90,8545,Dickinson College,46094,2386,40.20,91,8545,Franklin and Marshall College,46285,2365,39.30,93,8345,Skidmore College,45724,2689,41.90,94,8849,Centre College,36000,1344,69.60,91,8750,Denison University,43910,2336,49.50,90,8650,Gettysburg College,45870,2597,40.30,91,8452,Furman University,43164,2915,77.50,90,8352,St. Olaf College,40700,3176,60.40,93,8654,DePauw University,40640,2336,61.50,90,7854,Rhodes College,39794,1927,54.60,90,8156,St. Lawrence University,46040,2488,48.20,92,8057,Wabash College,35650,906,67.00,86,7357,Wheaton College,30880,3034,68.70,96,9059,Beloit College,41250,1359,67.10,89,7859,Lawrence University,41226,1525,76.20,89,7361,Hobart and William Smith Colleges,46165,2300,53.10,88,7661,Kalamazoo College,37810,1379,69.00,91,8061,Thomas Aquinas College,24500,370,80.60,85,7661,Willamette University,42305,2933,60.40,88,7765,College of Wooster,41680,2080,58.10,89,7665,Earlham College,41450,1211,74.90,83,7165,Illinois Wesleyan University,39316,2013,59.50,91,8265,Muhlenberg College,42755,2422,45.70,92,8765,Southwestern University,35240,1394,60.50,86,7565,Spelman College,24634,2145,38.00,88,7365,Virginia Military Institute,14404,1664,46.30,84,7165,Wheaton College,45074,1616,64.30,87,8265,Wofford College,35515,1588,62.70,89,8474,Lewis & Clark College,41928,3703,64.00,86,7674,Reed College 1,44460,N/A,39.9 4,90 8,79 6 76,Berea College,1070,1658,31.80,81,6676,Gustavus Adolphus College,39060,2524,63.40,92,8376,St. John's University,37167,1983,74.80,91,7776,St. Mary's College,34600,1469,84.80,87,7876,Transylvania University,31560,1074,84.90,86,7476,University of Puget Sound,41868,2857,82.70,87,7782,Allegheny College,39100,2140,63.30,87,7882,Austin College,33830,1260,59.10,83,7782,Hendrix College,37816,1388,83.00,85,7282,Hillsdale College,22890,1447,49.00,96,7782,Knox College,38952,1430,77.60,89,7982,Millsaps College,32520,915,54.80,81,7282,Ursinus College,44530,1680,69.80,90,7489,Agnes Scott College,34788,885,62.00,83,6489,New College of Florida,6783,832,59.60,84,6989,St. Mary's College of Maryland,14865,1933,72.00,88,8189,St. Michael's College,39015,2410,78.00,89,8293,College of the Atlantic,38952,340,70.60,85,6494,College of St. Benedict,37926,2070,76.70,89,8194,Luther College,37450,2473,70.20,88,7794,Westmont College,38510,1355,66.00,87,7897,Cornell College,36430,1180,52.90,81,7197,Hampden-Sydney College,37352,1080,55.60,79,6897,Washington and Jefferson College,39710,1429,40.80,85 8,74100,Albion College,35866,1382,70.20,80,72100,Augustana College,35835,2551,68.80,85,78100,Bennington College,45680,826,63.00,86,64100,Calvin College,28250,4008,75.60,87,77100,Hope College,28720,3343,85.10,89,77100,Juniata College,37170,1565,66.40,86,75100,Ohio Wesleyan University,40510,1821,73.60,83,68107,Drew University,43918,2447,85.10,80,69107,Principia College,25980,489,86.70,84 8,76 8 107,Washington College,41120,1557,66.40,84,69110,Goucher College,39084,2254,71.70,81,66110,Hampshire College,46625,1461,63.70,83,64110,Hollins University,33320,794,66.00,72,56110,Lake Forest College,38300,1570,56.90,84,70110,Sweet Briar College,33605,739,79.30,77,62115,Birmingham-Southern College,30690,1231,80.60,81,65115,Hanover College,31760,1123,63.90,81,65115,Stonehill College,36160,2602,79.90,89,80115,Susquehanna University,38780,2215,75.50,85,74115,Westminster College,32445,1518,56.30,86,78120,Coe College,35730,1367,66.70,80,70120,Ripon College,31602,931,77.50,84,72120,St. Anselm College,35204,1954,74.70,86,74123,Linfield College,36240,1663,82.80,83,67123,St. John's College 1,45004,N/A,78.1 4,90 8,67 6 123,Wittenberg University,38030,1894,91.20,78,65126,Alma College,32785,1464,71.90,80,66126,Berry College,29090,2166,66.10,77,62126,McDaniel College,36960,3284,64.10,82,74126,Morehouse College,25460,2377,66.40,83,56126,Presbyterian College,33650,1403,57.80,83,68126,Roanoke College,36222,2060,69.40,79,65126,Siena College,31368,3267,57.50,88,73126,Whittier College,40096,2448,63.60,82,67134,Central College,30700,1486,65.40,80,69134,Randolph College,33260,645,83.20,76,57134,Randolph-Macon College,34850,1312,54.00,78,56134,St. Norbert College,31866,2287,80.40,83,75138,Concordia College-Moorhead,32814,2631,77.70,83,68138,Gordon College,33230,1909,40.30,84,74138,Moravian College,35518,1909,78.50,78,74141,Eckerd College,37362,1893,71.00,80,60141,Goshen College,28500,928,60.00,81,70141,Grove City College,14880,2506,84.20,91,82141,Houghton College,27728,1165,73.40,86,67141,Wells College 1,35900,N/A,62.7 4,71 8,59 8 146,Fisk University 1,20391,N/A,100.0 4,73 8,54 6 146,Georgetown College,32310,1543,82.20,76,60146,Nebraska Wesleyan University,27240,2071,79.00,80,65146,St. Vincent College,30351,1766,65.80,83,73146,University of North Carolina Asheville,6241,3751,63.80,81,55146,Wartburg College,34250,1747,70.40,80,65146,Westminster College,21680,1084,71.90,81,70146,William Jewell College,31000,1052,60.90,76,69154,Simpson College,30999,1897,88.70,81,67154,University of Minnesota-Morris,12584,1896,60.00,82,60156,Doane College,26180,1149,76.50,76,64156,Hiram College,30290,1324,61.90,76,63156,Illinois College,27800,987,58.10,81,62156,Purchase College-SUNY,7573,4267,33.40,82,63156,Salem College,24566,1165,73.20,79 8,62161,Hartwick College,38930,1558,84.70,75,58161,Lycoming College,33756,1365,71.60,81,65161,Wesleyan College,19750,709,50.20,81,48161,Xavier University of Louisiana,20560,3178,63.50,67,47165,Monmouth College,31500,1247,61.50,75,58165,Oglethorpe University,31280,1079,82.70,77,55167,American Jewish University 1,28496,N/A,94.9 4,90 8,42 6 167,Carthage College,34850,3047,70.10,75,60167,Centenary College of Louisiana,30740,776,64.10,N/A,56167,College of Idaho,23725,1059,64.90,81,64167,Lyon College,23594,600,68.60,65,49167,Warren Wilson College,29540,924,72.00,68,57173,Emory and Henry College,28966,945,72.30,73,46173,Guilford College,32470,2462,80.00,76,57173,Ouachita Baptist University,22340,1532,69.10,78,59176,Albright College,36660,2264,46.70,74,53176,Maryville College,31132,1093,65.70,73,53176,Massachusetts College of Liberal Arts,8525,1799,67.20,74,47176,Virginia Wesleyan College,32182,1431,85.80,66,48180,Eastern Mennonite University,27970,1519,70.20,78,59180,Northland College,29990,600,66.30,71,54